<?xml version="1.0" encoding="UTF-8"?><module codename="org.netbeans.modules.masterfs.macosx">
    <module_version install_time="1554655124272" last="true" origin="installer" specification_version="1.13.1">
        <file crc="4284776310" name="config/Modules/org-netbeans-modules-masterfs-macosx.xml"/>
        <file crc="1817982577" name="modules/locale/org-netbeans-modules-masterfs-macosx_ja.jar"/>
        <file crc="464589033" name="modules/locale/org-netbeans-modules-masterfs-macosx_pt_BR.jar"/>
        <file crc="557552251" name="modules/locale/org-netbeans-modules-masterfs-macosx_ru.jar"/>
        <file crc="3101007759" name="modules/locale/org-netbeans-modules-masterfs-macosx_zh_CN.jar"/>
        <file crc="2628547771" name="modules/org-netbeans-modules-masterfs-macosx.jar"/>
    </module_version>
</module>
