<?xml version="1.0" encoding="UTF-8"?><module codename="org.netbeans.modules.masterfs/2">
    <module_version install_time="1554655124314" last="true" origin="installer" specification_version="2.55.1.2">
        <file crc="4226367763" name="config/ModuleAutoDeps/org-netbeans-modules-masterfs.xml"/>
        <file crc="1644917168" name="config/Modules/org-netbeans-modules-masterfs.xml"/>
        <file crc="2815093248" name="modules/locale/org-netbeans-modules-masterfs_ja.jar"/>
        <file crc="2000922496" name="modules/locale/org-netbeans-modules-masterfs_pt_BR.jar"/>
        <file crc="1122626828" name="modules/locale/org-netbeans-modules-masterfs_ru.jar"/>
        <file crc="2605849016" name="modules/locale/org-netbeans-modules-masterfs_zh_CN.jar"/>
        <file crc="467131799" name="modules/org-netbeans-modules-masterfs.jar"/>
    </module_version>
</module>
