<?xml version="1.0" encoding="UTF-8"?><module codename="org.netbeans.modules.print">
    <module_version install_time="1554655124495" last="true" origin="installer" specification_version="7.26.1">
        <file crc="4146358971" name="config/Modules/org-netbeans-modules-print.xml"/>
        <file crc="1719017207" name="modules/locale/org-netbeans-modules-print_ja.jar"/>
        <file crc="1098859329" name="modules/locale/org-netbeans-modules-print_pt_BR.jar"/>
        <file crc="2706164063" name="modules/locale/org-netbeans-modules-print_ru.jar"/>
        <file crc="1263199981" name="modules/locale/org-netbeans-modules-print_zh_CN.jar"/>
        <file crc="4040985001" name="modules/org-netbeans-modules-print.jar"/>
    </module_version>
</module>
