<?xml version="1.0" encoding="UTF-8"?><module codename="org.netbeans.api.visual">
    <module_version install_time="1554655123186" last="true" origin="installer" specification_version="2.47.1">
        <file crc="1235850484" name="config/Modules/org-netbeans-api-visual.xml"/>
        <file crc="3071999056" name="modules/locale/org-netbeans-api-visual_ja.jar"/>
        <file crc="2354376033" name="modules/locale/org-netbeans-api-visual_pt_BR.jar"/>
        <file crc="2794024759" name="modules/locale/org-netbeans-api-visual_ru.jar"/>
        <file crc="3974725963" name="modules/locale/org-netbeans-api-visual_zh_CN.jar"/>
        <file crc="2972500078" name="modules/org-netbeans-api-visual.jar"/>
    </module_version>
</module>
