<?xml version="1.0" encoding="UTF-8"?><module codename="org.netbeans.modules.masterfs.windows">
    <module_version install_time="1554655124297" last="true" origin="installer" specification_version="1.16.1">
        <file crc="2941073432" name="config/Modules/org-netbeans-modules-masterfs-windows.xml"/>
        <file crc="1607933255" name="modules/locale/org-netbeans-modules-masterfs-windows_ja.jar"/>
        <file crc="2922832770" name="modules/locale/org-netbeans-modules-masterfs-windows_pt_BR.jar"/>
        <file crc="687796884" name="modules/locale/org-netbeans-modules-masterfs-windows_ru.jar"/>
        <file crc="1432870497" name="modules/locale/org-netbeans-modules-masterfs-windows_zh_CN.jar"/>
        <file crc="3589933192" name="modules/org-netbeans-modules-masterfs-windows.jar"/>
    </module_version>
</module>
